Proband;REAL_BICEPS FEM;VR_BICEPS FEM;REAL_MED GASTRO;VR_MED GASTRO;REAL_VLO;VR_VLO
ID_1_Dabisch_Samuel;14.063680468833311;17.262964475295096;26.75271547013823;26.335773505385713;40.19168660107919;49.889577947283044
ID_2_Pohl_Jannis;32.389888611987736;44.63814967578153;22.861650498181;22.6187403943104;31.17871220476536;26.359627411908747
ID_3_Kleber_Christian;9.697745586213491;11.860537230198977;18.39993340134848;21.10086529081082;31.896703547169384;34.86671598905216
ID_4_Schröter_Till;10.570495952188908;9.48512122686115;24.948092230133554;24.15900129178944;33.87557338464663;36.28567907657699
ID_5_Zaschke_Lenard;9.315041233907673;9.50724710876152;24.28625491534051;25.046260818971266;21.302661325476762;23.969617615100734
ID_6_Petroll_Finn;11.028436202795648;12.317732259539765;24.29298980438974;24.928922920826285;24.17098661972327;22.34381912435876
ID_7_Gruber_Julius;8.732333314396456;9.807044749178953;31.07605577900341;29.670342785121232;;
