Proband;REAL_BICEPS FEM;VR_BICEPS FEM;REAL_MED GASTRO;VR_MED GASTRO;REAL_VLO;VR_VLO
ID_1_Dabisch_Samuel;14.011418616836218;17.163373396288787;26.220592924895687;26.03122034778985;40.93959033471519;50.495704161987
ID_2_Pohl_Jannis;31.59655829607608;43.38176954786162;22.429635659622303;22.146260961000348;30.524532343853615;25.10256609186043
ID_3_Kleber_Christian;9.058637820650501;10.985155610050832;18.475377799188447;20.1676480248925;31.644869709458906;34.345116426034444
ID_4_Schröter_Till;12.97952966601116;9.504163792520457;24.42418351487399;23.748230947157673;33.09464770359299;35.14316925384256
ID_5_Zaschke_Lenard;9.7250446628555;9.704290296350052;23.877865175514714;24.55721868449694;20.79027938147494;23.8150519752848
ID_6_Petroll_Finn;10.304713971945366;11.35275153496716;22.9070852604389;23.760198894417144;23.587555310332245;21.90105529077063
ID_7_Gruber_Julius;8.710649357799026;9.543818825904657;30.73715733880172;29.380458718090267;;
